id,title__en,description__en,icon,tags,props__url,props__scheme,props__osi_approved
cc-by-4.0,Creative Commons Attribution 4.0 International,The Creative Commons Attribution license allows re-distribution and re-use of a licensed work on the condition that the creator is appropriately credited.,cc-by-icon,"recommended,all,data",https://creativecommons.org/licenses/by/4.0/,spdx,
cc0-1.0,Creative Commons Zero v1.0 Universal,CC0 waives copyright interest in a work you've created and dedicates it to the world-wide public domain. Use CC0 to opt out of copyright entirely and ensure your work has the widest reach.,cc-cc0-icon,"recommended,all,data,software",https://creativecommons.org/publicdomain/zero/1.0/,spdx,
cc-by-nd-4.0,Creative Commons: Attribution + No Derivative Works 4.0,,cc-by-nd-icon,"all,data,restricted",https://creativecommons.org/licenses/by-nd/4.0/legalcode,spdx,
cc-by-nc-4.0,Creative Commons: Attribution + Non Commercial 4.0,,cc-by-nc-icon,"all,data,restricted",https://creativecommons.org/licenses/by-nc/4.0/legalcode,spdx,
cc-by-nc-nd-4.0,Creative Commons: Attribution + Non Commercial + No Derivatives 4.0,,cc-by-nc-nd-icon,"all,data,restricted",https://creativecommons.org/licenses/by-nc-nd/4.0/legalcode,spdx,
cc-by-nc-sa-4.0,Creative Commons: Attribution + Non Commercial + Share Alike 4.0,,cc-by-nc-sa-icon,"all,data,restricted",https://creativecommons.org/licenses/by-nc-sa/4.0/legalcode,spdx,
gpl-2.0-or-later,GNU General Public License 2.0 or later,,,"all,software,restricted",https://www.gnu.org/licenses/old-licenses/gpl-2.0-standalone.html,spdx,y
gpl-3.0-or-later,GNU General Public License 3.0 or later,"Permissions of this strong copyleft license are conditioned on making available complete source code of licensed works and modifications, which include larger works using a licensed work, under the same license. Copyright and license notices must be preserved. Contributors provide an express grant of patent rights.",,"all,software,restricted",https://www.gnu.org/licenses/gpl-3.0-standalone.html,spdx,y
mit,MIT License,"A short and simple permissive license with conditions only requiring preservation of copyright and license notices. Licensed works, modifications, and larger works may be distributed under different terms and without source code.",,"all,software,restricted",https://www.opensource.org/licenses/MIT,spdx,y
cddl-1.0,Common Development and Distribution License 1.0,,,"all,software,restricted",https://www.opensource.org/licenses/cddl1,spdx,y
